{
  "timestamp": "2025-10-30T07:24:21.759867Z",
  "plane": {
    "nx": -0.001632895553484559,
    "ny": 0.055682066828012466,
    "nz": -0.9984472393989563,
    "d": 0.5785849690437317
  },
  "intrinsics": {
    "fx": 503.90081787109375,
    "fy": 503.98529052734375,
    "cx": 333.54766845703125,
    "cy": 331.1591491699219
  },
  "roi_hull_px": [
    [
      1142,
      108
    ],
    [
      1140,
      195
    ],
    [
      1120,
      903
    ],
    [
      672,
      910
    ],
    [
      596,
      911
    ],
    [
      559,
      192
    ],
    [
      555,
      107
    ],
    [
      639,
      107
    ]
  ],
  "viz_ranges_m": {
    "depth": {
      "min": 0.2,
      "max": 1.0
    },
    "height": {
      "min": 0.001,
      "max": 0.2
    }
  }
}